{"stat.killEntity.Bat":38,"stat.walkOneCm":118789,"stat.killEntity.EntityHorse":4,"stat.killEntity.Creeper":63,"stat.jump":253,"stat.fallOneCm":20697,"stat.killEntity.Squid":7,"achievement.exploreAllBiomes":{"value":0,"progress":["Other World type 4","Sunflower Plains","ForestHills","Extreme Hills+","Other World type 3","Other World type 2","River","Forest","Plains","Extreme Hills","Other World"]},"stat.killEntity.Skeleton":56,"achievement.openInventory":4,"stat.killEntity.Chicken":5,"stat.killEntity.Spider":21,"stat.damageTaken":252708,"stat.killEntity.Enderman":3,"stat.mobKills":502,"stat.flyOneCm":1816245,"stat.deaths":2,"stat.drop":18,"stat.playOneMinute":39963,"stat.killEntity.Witch":2,"stat.killEntity.Sheep":34,"stat.useItem.3":6,"stat.damageDealt":100,"stat.killEntity.Zombie":54,"stat.killEntity.Cow":15,"stat.killEntity.Pig":53}