{"stat.flyOneCm":139392,"stat.killEntity.Skeleton":2,"stat.killEntity.Bat":1,"stat.walkOneCm":10573,"stat.jump":14,"stat.playOneMinute":8923,"achievement.openInventory":1,"stat.killEntity.Sheep":12,"stat.killEntity.Chicken":4,"stat.damageDealt":50,"stat.killEntity.Enderman":2,"stat.killEntity.Cow":4,"stat.mobKills":50,"stat.killEntity.Pig":14,"achievement.exploreAllBiomes":{"value":0,"progress":["ForestHills","Forest","River","Plains","Taiga","Extreme Hills","TaigaHills"]},"stat.killEntity.Creeper":1}