{"stat.useItem.42":20,"stat.flyOneCm":543593,"stat.useItem.44":74,"stat.killEntity.Skeleton":2,"stat.walkOneCm":92607,"stat.useItem.102":10,"stat.drop":7,"stat.jump":641,"stat.swimOneCm":4944,"stat.playOneMinute":47163,"stat.killEntity.Witch":1,"achievement.openInventory":16,"stat.useItem.1":18,"stat.useItem.3":120,"stat.damageDealt":945,"stat.mobKills":5,"achievement.exploreAllBiomes":{"value":0,"progress":["Sunflower Plains","ForestHills","Forest","Plains","Extreme Hills"]},"stat.killEntity.Creeper":1,"stat.diveOneCm":1935,"stat.useItem.58":2}